-- Test Data for Refactored Schema
-- Clear existing data
DELETE FROM scores;
DELETE FROM exam_courses;
DELETE FROM exams;
DELETE FROM students;
DELETE FROM courses;
DELETE FROM classes;
DELETE FROM users;

-- Insert Users (Teachers and Admin)
INSERT INTO users (username, password, role, name) VALUES
('admin', '$2a$10$rVq8KqLGz5UdJfNhO5.KFO7g7uZQWJhqC6E6Z9e7hPp4X1E2xYqNO', 'admin', '系统管理员'),
('teacher1', '$2a$10$rVq8KqLGz5UdJfNhO5.KFO7g7uZQWJhqC6E6Z9e7hPp4X1E2xYqNO', 'teacher', '张老师'),
('teacher2', '$2a$10$rVq8KqLGz5UdJfNhO5.KFO7g7uZQWJhqC6E6Z9e7hPp4X1E2xYqNO', 'teacher', '李老师');

-- Insert Classes
INSERT INTO classes (id, name, grade, teacher_id) VALUES
(1, '一年级1班', 1, 2),
(2, '一年级2班', 1, 3),
(3, '二年级1班', 2, 2);

-- Insert Students
INSERT INTO students (id, name, student_id, gender, class_id) VALUES
-- 一年级1班 (20 students)
(1, '王小明', 'S001', 'male', 1),
(2, '李晓红', 'S002', 'female', 1),
(3, '张伟', 'S003', 'male', 1),
(4, '刘芳', 'S004', 'female', 1),
(5, '陈强', 'S005', 'male', 1),
(6, '赵敏', 'S006', 'female', 1),
(7, '孙浩', 'S007', 'male', 1),
(8, '周静', 'S008', 'female', 1),
(9, '吴勇', 'S009', 'male', 1),
(10, '郑丽', 'S010', 'female', 1),
(11, '冯涛', 'S011', 'male', 1),
(12, '蒋琳', 'S012', 'female', 1),
(13, '韩磊', 'S013', 'male', 1),
(14, '曹娜', 'S014', 'female', 1),
(15, '许刚', 'S015', 'male', 1),
(16, '袁雪', 'S016', 'female', 1),
(17, '邓宇', 'S017', 'male', 1),
(18, '彭媛', 'S018', 'female', 1),
(19, '苏杰', 'S019', 'male', 1),
(20, '卢慧', 'S020', 'female', 1),
-- 一年级2班 (18 students)
(21, '马俊', 'S021', 'male', 2),
(22, '姜萍', 'S022', 'female', 2),
(23, '谭超', 'S023', 'male', 2),
(24, '董婷', 'S024', 'female', 2),
(25, '廖军', 'S025', 'male', 2),
(26, '唐秀', 'S026', 'female', 2),
(27, '程飞', 'S027', 'male', 2),
(28, '叶梅', 'S028', 'female', 2),
(29, '任海', 'S029', 'male', 2),
(30, '江兰', 'S030', 'female', 2),
(31, '杜峰', 'S031', 'male', 2),
(32, '範玲', 'S032', 'female', 2),
(33, '严俊', 'S033', 'male', 2),
(34, '陆霞', 'S034', 'female', 2),
(35, '顾强', 'S035', 'male', 2),
(36, '贺艳', 'S036', 'female', 2),
(37, '魏涛', 'S037', 'male', 2),
(38, '梁丹', 'S038', 'female', 2),
-- 二年级1班 (15 students)
(39, '钱浩', 'S039', 'male', 3),
(40, '施娟', 'S040', 'female', 3),
(41, '孔杰', 'S041', 'male', 3),
(42, '史敏', 'S042', 'female', 3),
(43, '戴东', 'S043', 'male', 3),
(44, '熊芳', 'S044', 'female', 3),
(45, '汤勇', 'S045', 'male', 3),
(46, '殷莉', 'S046', 'female', 3),
(47, '罗刚', 'S047', 'male', 3),
(48, '毛晶', 'S048', 'female', 3),
(49, '邱斌', 'S049', 'male', 3),
(50, '秦颖', 'S050', 'female', 3),
(51, '尹翔', 'S051', 'male', 3),
(52, '姚欣', 'S052', 'female', 3),
(53, '邵辉', 'S053', 'male', 3);

-- Insert Courses
INSERT INTO courses (id, name, grade) VALUES
(1, '语文', 1),
(2, '数学', 1),
(3, '英语', 1),
(4, '语文', 2),
(5, '数学', 2),
(6, '英语', 2);

-- Insert Exams (考试不再包含course_id)
INSERT INTO exams (id, name, class_id, exam_date, description) VALUES
(1, '2024年秋季期中考试', 1, '2024-11-15', '一年级1班期中考试'),
(2, '2024年秋季期末考试', 1, '2025-01-10', '一年级1班期末考试'),
(3, '2024年秋季期中考试', 2, '2024-11-15', '一年级2班期中考试'),
(4, '2024年秋季期中考试', 3, '2024-11-18', '二年级1班期中考试');

-- Insert Exam-Course Relations
-- 一年级1班期中考试包含语文、数学、英语
INSERT INTO exam_courses (exam_id, course_id, full_score) VALUES
(1, 1, 100),  -- 期中考试-语文
(1, 2, 100),  -- 期中考试-数学
(1, 3, 100);  -- 期中考试-英语

-- 一年级1班期末考试包含语文、数学、英语
INSERT INTO exam_courses (exam_id, course_id, full_score) VALUES
(2, 1, 100),
(2, 2, 100),
(2, 3, 100);

-- 一年级2班期中考试包含语文、数学、英语
INSERT INTO exam_courses (exam_id, course_id, full_score) VALUES
(3, 1, 100),
(3, 2, 100),
(3, 3, 100);

-- 二年级1班期中考试包含语文、数学、英语
INSERT INTO exam_courses (exam_id, course_id, full_score) VALUES
(4, 4, 100),
(4, 5, 100),
(4, 6, 100);

-- Insert Scores for 一年级1班期中考试 (exam_id=1)
-- 现在scores表包含exam_id和course_id两个字段
INSERT INTO scores (student_id, exam_id, course_id, score) VALUES
-- Student 1 (王小明)
(1, 1, 1, 95), (1, 1, 2, 88), (1, 1, 3, 92),
-- Student 2 (李晓红)
(2, 1, 1, 88), (2, 1, 2, 92), (2, 1, 3, 85),
-- Student 3 (张伟)
(3, 1, 1, 76), (3, 1, 2, 82), (3, 1, 3, 79),
-- Student 4 (刘芳)
(4, 1, 1, 92), (4, 1, 2, 95), (4, 1, 3, 90),
-- Student 5 (陈强)
(5, 1, 1, 68), (5, 1, 2, 72), (5, 1, 3, 65),
-- Student 6 (赵敏)
(6, 1, 1, 94), (6, 1, 2, 91), (6, 1, 3, 93),
-- Student 7 (孙浩)
(7, 1, 1, 81), (7, 1, 2, 78), (7, 1, 3, 82),
-- Student 8 (周静)
(8, 1, 1, 89), (8, 1, 2, 86), (8, 1, 3, 88),
-- Student 9 (吴勇)
(9, 1, 1, 73), (9, 1, 2, 75), (9, 1, 3, 71),
-- Student 10 (郑丽)
(10, 1, 1, 91), (10, 1, 2, 89), (10, 1, 3, 91),
-- Student 11 (冯涛)
(11, 1, 1, 78), (11, 1, 2, 80), (11, 1, 3, 77),
-- Student 12 (蒋琳)
(12, 1, 1, 86), (12, 1, 2, 84), (12, 1, 3, 87),
-- Student 13 (韩磊)
(13, 1, 1, 70), (13, 1, 2, 68), (13, 1, 3, 72),
-- Student 14 (曹娜)
(14, 1, 1, 93), (14, 1, 2, 90), (14, 1, 3, 94),
-- Student 15 (许刚)
(15, 1, 1, 85), (15, 1, 2, 83), (15, 1, 3, 86),
-- Student 16 (袁雪)
(16, 1, 1, 90), (16, 1, 2, 92), (16, 1, 3, 89),
-- Student 17 (邓宇)
(17, 1, 1, 74), (17, 1, 2, 76), (17, 1, 3, 73),
-- Student 18 (彭媛)
(18, 1, 1, 87), (18, 1, 2, 85), (18, 1, 3, 88),
-- Student 19 (苏杰)
(19, 1, 1, 79), (19, 1, 2, 81), (19, 1, 3, 78),
-- Student 20 (卢慧)
(20, 1, 1, 92), (20, 1, 2, 94), (20, 1, 3, 91);

-- Insert Scores for 一年级2班期中考试 (exam_id=3)
INSERT INTO scores (student_id, exam_id, course_id, score) VALUES
-- Student 21-38 (一年级2班)
(21, 3, 1, 84), (21, 3, 2, 87), (21, 3, 3, 83),
(22, 3, 1, 91), (22, 3, 2, 88), (22, 3, 3, 92),
(23, 3, 1, 77), (23, 3, 2, 75), (23, 3, 3, 78),
(24, 3, 1, 89), (24, 3, 2, 91), (24, 3, 3, 87),
(25, 3, 1, 72), (25, 3, 2, 70), (25, 3, 3, 74),
(26, 3, 1, 93), (26, 3, 2, 95), (26, 3, 3, 91),
(27, 3, 1, 80), (27, 3, 2, 82), (27, 3, 3, 79),
(28, 3, 1, 86), (28, 3, 2, 84), (28, 3, 3, 88),
(29, 3, 1, 75), (29, 3, 2, 77), (29, 3, 3, 73),
(30, 3, 1, 90), (30, 3, 2, 88), (30, 3, 3, 92),
(31, 3, 1, 79), (31, 3, 2, 81), (31, 3, 3, 78),
(32, 3, 1, 85), (32, 3, 2, 83), (32, 3, 3, 87),
(33, 3, 1, 71), (33, 3, 2, 69), (33, 3, 3, 73),
(34, 3, 1, 92), (34, 3, 2, 90), (34, 3, 3, 93),
(35, 3, 1, 83), (35, 3, 2, 85), (35, 3, 3, 82),
(36, 3, 1, 88), (36, 3, 2, 91), (36, 3, 3, 86),
(37, 3, 1, 76), (37, 3, 2, 74), (37, 3, 3, 77),
(38, 3, 1, 89), (38, 3, 2, 87), (38, 3, 3, 90);

-- Insert Scores for 二年级1班期中考试 (exam_id=4)
INSERT INTO scores (student_id, exam_id, course_id, score) VALUES
-- Student 39-53 (二年级1班)
(39, 4, 4, 86), (39, 4, 5, 89), (39, 4, 6, 84),
(40, 4, 4, 92), (40, 4, 5, 90), (40, 4, 6, 93),
(41, 4, 4, 78), (41, 4, 5, 76), (41, 4, 6, 79),
(42, 4, 4, 91), (42, 4, 5, 93), (42, 4, 6, 88),
(43, 4, 4, 73), (43, 4, 5, 71), (43, 4, 6, 75),
(44, 4, 4, 94), (44, 4, 5, 96), (44, 4, 6, 92),
(45, 4, 4, 81), (45, 4, 5, 83), (45, 4, 6, 80),
(46, 4, 4, 87), (46, 4, 5, 85), (46, 4, 6, 89),
(47, 4, 4, 76), (47, 4, 5, 78), (47, 4, 6, 74),
(48, 4, 4, 91), (48, 4, 5, 89), (48, 4, 6, 93),
(49, 4, 4, 80), (49, 4, 5, 82), (49, 4, 6, 79),
(50, 4, 4, 86), (50, 4, 5, 84), (50, 4, 6, 88),
(51, 4, 4, 72), (51, 4, 5, 70), (51, 4, 6, 74),
(52, 4, 4, 93), (52, 4, 5, 91), (52, 4, 6, 94),
(53, 4, 4, 84), (53, 4, 5, 86), (53, 4, 6, 83);
